simulation_id,Ra,viscosity_contrast,initial_temperature,internal_heating,activation_energy,surface_heat_flux
1,2542956.5208885493,98.1981763359842,0.7315469118589705,0.5144401624055137,2.845355181107811,1.8206104803768397
2,5933518.542572138,690.7609328941816,1.4618253382852167,0.6588697285637578,4.516942781780481,4.478770807793325
3,72612228.54567935,144.53627394387684,0.5789748887119006,0.3971513549888048,5.622004434976368,2.0585992939573083
4,600382.8668281848,22.47419517986542,0.8705310409499444,0.5533844843914726,4.765376753621039,0.8252577225548753
5,726777.0016609816,254.32915968900335,0.7387708987862964,0.7122503397444274,4.458875329121849,1.2098916274516909
6,4209337.506388606,1.4840201641401483,0.9892471051369245,0.3075740647205966,4.174940847926575,1.4668363880979411
7,3992638.0502709686,7.432467599599346,0.6397687301199566,0.17371291748620782,5.849228904071581,0.688134308084115
8,10290391.71858521,3.686138001535613,0.760418231922357,0.46880663737741235,4.850365722814651,1.4243223020498716
9,179284.49771651035,12.031213404805936,1.241101945177281,0.7454551042763472,4.913901105330041,1.269944544282604
10,5220098.084848349,56.20983330640393,1.1856070061096702,0.8331154144405664,5.732705120474118,2.9055323452367916
11,40167694.20345771,42.850627741421576,1.4100110522010638,0.32798191025784235,3.9252395741451753,4.270713062603296
12,3283924.7507875776,9.084624218239215,0.652959310888805,0.19051035072551434,5.987499176896764,0.6510509637745094
13,982883.4845202259,2.2592234111497618,0.5938065779627779,0.34811761053653845,4.696373022925202,-0.049093816801250384
14,2263977.239581675,3.1099924938832904,0.5674203807104004,0.5341827636491895,2.5040024641823093,0.7539123647515127
15,1961590.4700604784,304.51739161220326,1.4656672919229898,0.8072252151975943,2.3570797944284387,4.025002591230023
16,195874.2792602239,52.05356353178184,0.7887389142697485,0.3225185226357427,5.336034797335918,0.3068613947145905
17,31330712.292848054,993.764768109318,1.1243607240839417,0.038882355137451384,2.291953486544086,3.9832615133576166
18,113229.07031613815,9.747866789243544,0.5006924426145533,0.5399130186358613,2.141815214527512,-0.08706998743246235
19,11257545.260417476,76.7082843288888,1.3465714453533928,0.757155164374483,5.131017885482903,3.709288861334926
20,880641.1024086276,73.36765030113754,1.027907124256611,0.6485518213920852,5.8644114122743956,1.508113209637151
21,849550.8546802362,63.612505298075654,1.3016512854662694,0.09796120724576174,3.7741286254293644,2.442588253187484
22,417635.04023683793,17.66439188116713,1.1037109559321412,0.37251204817052097,4.319927625335078,1.1917592239437307
23,508201.7649004963,638.490837970365,0.5585089315849938,0.6646640980802814,3.502905424086072,1.0963847820213686
24,24614298.167208686,45.90366267091071,1.3767175991254725,0.5713738087160164,2.0582953433938265,4.394156170218654
25,5489470.293409569,1.1369717850046182,1.482375948691979,0.14562656269448498,4.255248985794804,2.723729991738329
26,372410.1010752283,754.5914848997617,0.8237831642990951,0.25820336299159363,3.0245098771200793,1.493868534282422
27,2713370.509912495,2.0870132921725926,0.6821404081467847,0.2750678729266088,3.2121833727027855,0.7885617016430333
28,33411665.796147533,780.5750502475424,1.374199247783758,0.2629520338811837,5.798490755835278,4.3506929713801386
29,35575881.41383348,6.009305469380471,0.8105446868949719,0.28814572396268,5.586620675149689,1.7683149238399403
30,98151328.63414316,329.1874980788474,1.2591861645288787,0.12498880913092798,3.1246644987925336,4.007004809449092
31,226146.292742287,1.2399424036367444,0.9548136187012544,0.5951442950747134,4.029356197026849,0.21344876406966473
32,53951387.13661821,1.717954223104235,0.5146830183866982,0.5872525598112336,4.559580150483136,1.2620886122003403
33,42958284.03983535,1.0071690579549195,1.488688114969555,0.6761465125728026,2.4224122806627175,3.8921667973716687
34,1580453.108381371,1.6041901764817563,1.1435113803537509,0.24888297783913607,3.433510162767568,1.5723386664206809
35,787031.368111938,207.32548090695187,0.8372446335073325,0.9926476362073197,3.838431379472969,1.6318733943646764
36,16473841.294154504,16.56969988186103,0.8891819026051644,0.8212471993073633,3.742223943664359,2.3675699647465707
37,66535265.76628445,3.0451313396708093,1.2191590284508218,0.7643141281833132,3.6669228241648666,3.092556021445079
38,3704464.457960654,11.05648587337612,0.8847374544322266,0.9141761826234096,3.292179419238127,1.9245342897915887
39,1783989.274273555,1.4049746620933905,1.017711117107436,0.625529381894752,5.439100258536909,1.0347554944774322
40,137610.4138935679,161.36007108651785,1.0420938976264391,0.8518554873740009,3.9954776121935676,1.4707576194281864
41,1297520.8214559301,7.233532618589314,1.3201797467567742,0.4400222763839882,5.295166393598203,2.0102157229063717
42,1422094.9062651752,229.8494616965004,1.3510561652352941,0.02398052369394443,4.829923859577887,2.7641344217930963
43,55753576.34995872,88.64015221073394,0.6656173446979027,0.06246293322296966,2.3495160832163138,2.555036669972027
44,544737.6776309158,28.987721732079713,0.5256672741578396,0.22220959925865275,5.031688488653463,0.04358762638346407
45,201745.68804666828,31.32837708000894,0.9704945408904639,0.42297475273319235,3.07932225865074,0.9314934899266504
46,8180429.10308608,526.9772573344397,1.0665936945551568,0.495375148057205,2.7590463326115433,3.58651377005827
47,329878.15773263044,59.77397874819355,0.9432849920699189,0.38659744287715353,5.173875293681387,0.8872940088746087
48,14415436.416036757,1.8833621467974304,1.4347828013078694,0.1511305090873017,4.226570552050228,3.251902783323327
49,26533951.867833916,33.73438528273106,1.1541045150625586,0.9829328639677284,4.6012411565899285,3.4482890010118528
50,13098131.359009208,240.59012316678357,1.1364543502442273,0.6202038621240942,2.2277984714014223,3.7290837986873577
51,1033100.6652841892,555.893488512582,0.8597434692596417,0.7868253056694763,3.4881451509519765,2.01848858425863
52,167527.3960749236,117.01678501117203,1.4199210250558294,0.1753624937900559,2.911642614247185,2.4488329252953487
53,47623337.07581066,25.340556011313588,1.2650300574140716,0.791266782906434,3.8926007758440586,3.7371615072918196
54,2087397.5815782845,488.12925991613525,1.005973465925297,0.9413088075470104,2.67346634670952,2.9028072237325064
55,6962107.3927993905,6.1878572390683475,1.2982589883540738,0.689794165361004,4.985151673284944,2.844002912074822
56,127996.30187299653,440.5420541014384,0.9783307914687607,0.3507153992519158,5.677655190120564,0.9955829985281487
57,4799651.918970791,5.008738390362958,1.1956573417570013,0.5106391387470243,2.469628635792096,2.7102971644797518
58,1630115.7777164734,14.907657930779528,0.9189277858773802,0.7348010118542676,4.092513714941687,1.4325658546981834
59,142407.10264195089,40.59796351980326,0.935719651801532,0.6006812539373912,5.39816056117747,0.5993053473318745
60,436408.4460188135,37.231001472007655,1.3261886968528742,0.849257430121194,3.331879435023923,2.387213808615264
61,59866842.451051146,20.82920974130091,1.0545799056228282,0.07349000030384682,5.493340071913096,2.7220134038082677
62,88285362.7324695,113.80641036093469,0.6231391453352776,0.9014902190774718,5.099090297377127,2.3277850661778023
63,6692580.156476726,4.446786380998405,0.6109375617779326,0.13332105920133172,4.431541612018237,0.9146370880403312
64,7629508.436569397,165.90760727690056,1.3994860030738634,0.20178777343958296,3.5683304192466307,3.9386627472777516
65,12353139.297168858,7.968984293589504,0.7865605233627257,0.8934271091185327,5.505705203559182,1.7804792239438487
66,9539149.696385834,12.571662357815068,0.6927032803212899,0.45156154599132053,3.154205766727844,1.8132376349378596
67,1137066.4772711638,2.776425005463312,1.0797433009965867,0.034766175442893954,5.238071628159201,0.9253404829578564
68,280061.6783266649,3.5137944730219774,0.8475253235034199,0.7182320080307312,4.395866883627584,0.24713326626268015
69,297951.06492579344,376.1942907447888,1.2836849766102314,0.8688544092305868,2.852232454448714,2.7697706565311244
70,348039.0964097033,850.4342993311307,1.4474389354872885,0.9284759443222658,3.6269763717630843,3.5360043987264698
71,632113.0024883884,127.85642635965591,1.2100548978493384,0.22747755284016122,3.382457452506714,2.112137941401032
72,106911.23633727699,2.3758031455268434,0.7171701767307447,0.42550189124433835,2.1994566501341803,-0.11936359654499273
73,244852.71609428016,390.9027438972638,1.0960717918181992,0.408726509799733,4.117029539779576,1.7776845421103482
74,20191384.904151853,5.492401764986843,0.7631495233308139,0.10133024414839228,2.6216889513661297,1.9036656906638723
75,22191995.414575014,20.42215809422881,0.700615676499095,0.8800504298842596,2.707533648690662,2.4742818491162133
76,15144062.295101006,4.218994930019001,1.2329114703658455,0.003774092393031145,4.722410366412843,2.5913615262644565
77,81718779.05613577,274.17169109484723,1.1691929348728751,0.970137344337958,2.0081875652129146,4.3014912139716985
78,3073392.483523751,90.99895321857221,0.9067008504493455,0.9553487901710169,5.936687674871896,2.0185126731327054
79,28724946.436097454,14.478838612925529,0.6255434382751599,0.0785488554733005,2.9646029665157263,1.6960592381792265
80,18839315.144381136,182.657343749086,0.5448892977013872,0.4843148516041106,2.5877665086397372,2.3552358635851682
